{
    "root_group": {
        "name": "",
        "path": "",
        "id": "d41d8cd98f00b204e9800998ecf8427e",
        "groups": {
            "setup": {
                "name": "setup",
                "path": "::setup",
                "id": "5c0f8025f7e0b6654089e5b00e950f1a",
                "groups": {},
                "checks": {
                        "login success": {
                            "fails": 0,
                            "name": "login success",
                            "path": "::setup::login success",
                            "id": "7cfb8f8c2c02094174a14df718814c1e",
                            "passes": 1
                        }
                    }
            }
        },
        "checks": {
            "posttrx status 200": {
                "name": "posttrx status 200",
                "path": "::posttrx status 200",
                "id": "0783b489b4b75e5a7bd023ebec8cfc9e",
                "passes": 1925,
                "fails": 1067
            }
        }
    },
    "metrics": {
        "http_reqs": {
            "count": 2993,
            "rate": 16.26372089111845
        },
        "http_req_sending": {
            "med": 0.143,
            "max": 1374.851,
            "p(90)": 0.312,
            "p(95)": 0.42679999999999974,
            "avg": 3.532768125626462,
            "min": 0.013
        },
        "http_req_receiving": {
            "min": 0.006,
            "med": 0.089,
            "max": 78.634,
            "p(90)": 0.321,
            "p(95)": 0.5677999999999996,
            "avg": 0.4622071500167048
        },
        "checks": {
            "passes": 1926,
            "fails": 1067,
            "value": 0.6435015035081858
        },
        "http_req_connecting": {
            "min": 0,
            "med": 0,
            "max": 910.577,
            "p(90)": 84.05840000000003,
            "p(95)": 174.80919999999995,
            "avg": 28.067448045439345
        },
        "vus_max": {
            "value": 100,
            "min": 100,
            "max": 100
        },
        "http_req_blocked": {
            "p(95)": 454.21359999999993,
            "avg": 66.50647109923122,
            "min": 0,
            "med": 0.001,
            "max": 3049.224,
            "p(90)": 215.33200000000002
        },
        "http_req_failed": {
            "passes": 1067,
            "fails": 1926,
            "thresholds": {
                "rate<0.01": true
            },
            "value": 0.35649849649181425
        },
        "vus": {
            "value": 1,
            "min": 0,
            "max": 100
        },
        "http_req_waiting": {
            "med": 1939.757,
            "max": 22431.868,
            "p(90)": 6316.012400000001,
            "p(95)": 8401.891399999993,
            "avg": 2802.628428332778,
            "min": 59.305
        },
        "iteration_duration": {
            "avg": 2871.1066959989953,
            "min": 59.841583,
            "med": 1982.3050835,
            "max": 22431.527042,
            "p(90)": 6455.728333100001,
            "p(95)": 8657.607626599996
        },
        "iterations": {
            "count": 2992,
            "rate": 16.258286971676043
        },
        "http_req_duration": {
            "avg": 2806.62340360842,
            "min": 59.528,
            "med": 1942.672,
            "max": 22431.952,
            "p(90)": 6316.216400000001,
            "p(95)": 8443.205199999997,
            "thresholds": {
                "p(95)<1000": true
            }
        },
        "data_received": {
            "rate": 13840.2471590002,
            "count": 2547010
        },
        "http_req_duration{expected_response:true}": {
            "min": 62.135,
            "med": 2113.1695,
            "max": 21544.214,
            "p(90)": 6913.611000000001,
            "p(95)": 8843.118999999999,
            "avg": 3018.2476910695796
        },
        "http_req_tls_handshaking": {
            "max": 979.469,
            "p(90)": 109.13100000000004,
            "p(95)": 231.68939999999986,
            "avg": 35.66427063147345,
            "min": 0,
            "med": 0
        },
        "data_sent": {
            "rate": 7189.162365013019,
            "count": 1323016
        }
    },
    "setup_data": "eyJhbGciOiJIUzI1NiIsInR5cCI6IkpXVCJ9.eyJleHAiOjE3NzExNDk3OTAsInVzZXJuYW1lIjoicmF5YS1hcHAifQ.hORD052fS7XTRDVE5DCTJrnjmyCo1-9lOzYYO__zI2k"
}